{
	"info": {
		"_postman_id": "e10ea884-eb75-46fa-9aaf-381a4a2612cd",
		"name": "PruebaTecnica",
		"schema": "https://schema.getpostman.com/json/collection/v2.1.0/collection.json",
		"_exporter_id": "26026124",
		"_collection_link": "https://planetary-desert-846095.postman.co/workspace/Pichincha~9f372e9b-9565-48f6-ba61-c336578a4e1b/collection/26026124-e10ea884-eb75-46fa-9aaf-381a4a2612cd?action=share&source=collection_link&creator=26026124"
	},
	"item": [
		{
			"name": "ClientMicroService",
			"item": [
				{
					"name": "GetAllClients",
					"request": {
						"method": "GET",
						"header": [],
						"url": {
							"raw": "http://localhost:8001/api/clients",
							"protocol": "http",
							"host": [
								"localhost"
							],
							"port": "8001",
							"path": [
								"api",
								"clients"
							]
						}
					},
					"response": []
				},
				{
					"name": "GetClientsById",
					"request": {
						"method": "GET",
						"header": [],
						"url": {
							"raw": "http://localhost:8001/api/clients/1",
							"protocol": "http",
							"host": [
								"localhost"
							],
							"port": "8001",
							"path": [
								"api",
								"clients",
								"1"
							]
						}
					},
					"response": []
				},
				{
					"name": "CreateClient",
					"request": {
						"method": "POST",
						"header": [],
						"body": {
							"mode": "raw",
							"raw": "{\r\n  \"dni\": \"12345678\",\r\n  \"name\": \"Leonardo Pérez\",\r\n  \"password\": \"clave123\",\r\n  \"gender\": \"M\",\r\n  \"age\": 33,\r\n  \"address\": \"Carrera 73 # 73 -48\",\r\n  \"phone\": \"3114483020\",\r\n  \"active\": true\r\n}",
							"options": {
								"raw": {
									"language": "json"
								}
							}
						},
						"url": {
							"raw": "http://localhost:8001/api/clients",
							"protocol": "http",
							"host": [
								"localhost"
							],
							"port": "8001",
							"path": [
								"api",
								"clients"
							]
						}
					},
					"response": []
				},
				{
					"name": "UpdateClient",
					"request": {
						"method": "PUT",
						"header": [],
						"body": {
							"mode": "raw",
							"raw": "{\r\n  \"dni\": \"123456789\",\r\n  \"name\": \"Carlos Alvarez\",\r\n  \"password\": \"clave12345\",\r\n  \"gender\": \"M\",\r\n  \"age\": 22,\r\n  \"address\": \"Av falsa 123\",\r\n  \"phone\": \"3203698525\",\r\n  \"active\": true\r\n}",
							"options": {
								"raw": {
									"language": "json"
								}
							}
						},
						"url": {
							"raw": "http://localhost:8001/api/clients/2",
							"protocol": "http",
							"host": [
								"localhost"
							],
							"port": "8001",
							"path": [
								"api",
								"clients",
								"2"
							]
						}
					},
					"response": []
				},
				{
					"name": "PartialUpdateClient",
					"request": {
						"method": "PATCH",
						"header": [],
						"body": {
							"mode": "raw",
							"raw": "{\r\n  \"active\": false\r\n}",
							"options": {
								"raw": {
									"language": "json"
								}
							}
						},
						"url": {
							"raw": "http://localhost:8001/api/clients/4",
							"protocol": "http",
							"host": [
								"localhost"
							],
							"port": "8001",
							"path": [
								"api",
								"clients",
								"4"
							]
						}
					},
					"response": []
				},
				{
					"name": "DeleteClientsById",
					"request": {
						"method": "DELETE",
						"header": [],
						"url": {
							"raw": "http://localhost:8001/api/clients/4",
							"protocol": "http",
							"host": [
								"localhost"
							],
							"port": "8001",
							"path": [
								"api",
								"clients",
								"4"
							]
						}
					},
					"response": []
				}
			]
		},
		{
			"name": "AccountMicroService",
			"item": [
				{
					"name": "Accounts",
					"item": [
						{
							"name": "GetAccountsAll",
							"request": {
								"method": "GET",
								"header": [],
								"url": {
									"raw": "http://localhost:8000/api/accounts",
									"protocol": "http",
									"host": [
										"localhost"
									],
									"port": "8000",
									"path": [
										"api",
										"accounts"
									]
								}
							},
							"response": []
						},
						{
							"name": "GetAccountByid",
							"request": {
								"method": "GET",
								"header": [],
								"url": {
									"raw": "http://localhost:8000/api/accounts/1",
									"protocol": "http",
									"host": [
										"localhost"
									],
									"port": "8000",
									"path": [
										"api",
										"accounts",
										"1"
									]
								}
							},
							"response": []
						},
						{
							"name": "CreateAccount",
							"request": {
								"method": "POST",
								"header": [],
								"body": {
									"mode": "raw",
									"raw": "{\r\n  \"number\": \"ACC123\",\r\n  \"type\": \"SAVINGS\",\r\n  \"initialAmount\": 1500.00,\r\n  \"isActive\": true,\r\n  \"clientId\": 1\r\n}",
									"options": {
										"raw": {
											"language": "json"
										}
									}
								},
								"url": {
									"raw": "http://localhost:8000/api/accounts",
									"protocol": "http",
									"host": [
										"localhost"
									],
									"port": "8000",
									"path": [
										"api",
										"accounts"
									]
								}
							},
							"response": []
						},
						{
							"name": "UpdateAccount",
							"request": {
								"method": "PUT",
								"header": [],
								"body": {
									"mode": "raw",
									"raw": "{\r\n  \"number\": \"ACC123\",\r\n  \"type\": \"SAVINGS\",\r\n  \"initialAmount\": 2000.00,\r\n  \"isActive\": true,\r\n  \"clientId\": 1\r\n}",
									"options": {
										"raw": {
											"language": "json"
										}
									}
								},
								"url": {
									"raw": "http://localhost:8000/api/accounts/1",
									"protocol": "http",
									"host": [
										"localhost"
									],
									"port": "8000",
									"path": [
										"api",
										"accounts",
										"1"
									]
								}
							},
							"response": []
						},
						{
							"name": "PartialUpdateAccount",
							"request": {
								"method": "PATCH",
								"header": [],
								"body": {
									"mode": "raw",
									"raw": "{\r\n  \"active\": false\r\n}",
									"options": {
										"raw": {
											"language": "json"
										}
									}
								},
								"url": {
									"raw": "http://localhost:8000/api/accounts/1",
									"protocol": "http",
									"host": [
										"localhost"
									],
									"port": "8000",
									"path": [
										"api",
										"accounts",
										"1"
									]
								}
							},
							"response": []
						},
						{
							"name": "DeleteAccount",
							"request": {
								"method": "DELETE",
								"header": [],
								"url": {
									"raw": "http://localhost:8000/api/accounts/1",
									"protocol": "http",
									"host": [
										"localhost"
									],
									"port": "8000",
									"path": [
										"api",
										"accounts",
										"1"
									]
								}
							},
							"response": []
						}
					]
				},
				{
					"name": "Transactions",
					"item": [
						{
							"name": "GetAllTransactions",
							"request": {
								"method": "GET",
								"header": [],
								"url": {
									"raw": "http://localhost:8000/api/transactions",
									"protocol": "http",
									"host": [
										"localhost"
									],
									"port": "8000",
									"path": [
										"api",
										"transactions"
									]
								}
							},
							"response": []
						},
						{
							"name": "GetTransactionById",
							"request": {
								"method": "GET",
								"header": [],
								"url": {
									"raw": "http://localhost:8000/api/transactions/1",
									"protocol": "http",
									"host": [
										"localhost"
									],
									"port": "8000",
									"path": [
										"api",
										"transactions",
										"1"
									]
								}
							},
							"response": []
						},
						{
							"name": "CreateTransaction",
							"request": {
								"method": "POST",
								"header": [],
								"body": {
									"mode": "raw",
									"raw": "{\r\n  \"type\": \"DEPOSIT\", //RETIRO  DEPOSITO\r\n  \"amount\": 500.00,\r\n  \"accountId\": 10\r\n}",
									"options": {
										"raw": {
											"language": "json"
										}
									}
								},
								"url": {
									"raw": "http://localhost:8000/api/transactions",
									"protocol": "http",
									"host": [
										"localhost"
									],
									"port": "8000",
									"path": [
										"api",
										"transactions"
									]
								}
							},
							"response": []
						},
						{
							"name": "Report",
							"request": {
								"method": "GET",
								"header": [],
								"url": {
									"raw": "http://localhost:8000/api/transactions/clients/1/report?dateTransactionStart=2025-08-01&dateTransactionEnd=2025-08-10",
									"protocol": "http",
									"host": [
										"localhost"
									],
									"port": "8000",
									"path": [
										"api",
										"transactions",
										"clients",
										"1",
										"report"
									],
									"query": [
										{
											"key": "dateTransactionStart",
											"value": "2025-08-01"
										},
										{
											"key": "dateTransactionEnd",
											"value": "2025-08-10"
										}
									]
								}
							},
							"response": []
						}
					]
				}
			]
		}
	]
}